<?xml version="1.0" encoding="utf-8" standalone="no" ?>
<!--
StoryMode GUI
V1.0.0.0

@author Stephan Schlosser
@date 11/01/2019
-->

<GUI onOpen="onOpen" onClose="onClose" onCreate="onCreate">
	<GuiElement type="bitmap" profile="uiFullInGameBackground" />
	<GuiElement name="background" type="bitmap" position="1450px 500px" size="231px 231px"  imageFilename="shared/splash.dds" MOD_imageDir="img/" MOD_imageFilename="Tom.dds" imageColor="1 1 1 1" />
	<!-- screenAlign="middleCenter" positionOrigin="middleCenter" -->

	<!-- Header  -->
	<GuiElement type="empty" profile="ingameMenuFrameHeaderPanel" position="130px -130px">
		<GuiElement type="bitmap" profile="ingameMenuGeneralSettingsHeaderIcon" position="0px 0px"/>
		<GuiElement type="text" profile="ingameMenuFrameHeaderText" position="80px 0px" onCreate="onCreatesmGuiHeader" text="$l10n_gui_sm_Setting" />
	</GuiElement>	
	
	<GuiElement type="empty" profile="ingameMenuSettingsBox" position="130px -200px">		
		
		<GuiElement type="text" profile="ingameMenuHelpRowText" id="storyTextField" text="" onCreate="onCreatesmStoryTextField" position="50px 100px" size="512px 512px" />
		
	</GuiElement>
	
	<!-- bottom "back" + "ok"  -->
	<GuiElement type="flowLayout" profile="buttonBoxDocked" screenAlign="bottomLeft" positionOrigin="bottomLeft" position="130px 77px" id="buttonsPC">
		<GuiElement type="button" profile="buttonOK" text="$l10n_button_ok" onClick="onClickOk" />	
	</GuiElement>	
</GUI>